{"node_id": 23, "has_storage": true, "storage_rate": 0.2, "storage_size": 7.0, "max_energy_flow": 1.4, "max_soc": 7.0, "min_soc": 0.7, "bilateral_price": 40.0, "bilateral_max": 2.0, "load_kw": 3.0, "gen_kw": 2.0, "scenarios": {"Scenario-demand0_spot0": {"prob": 0.13168724279835392, "demand_data": [0.223, 0.3346, 0.4126, 0.3457, 0.3011, 0.2788, 0.2454, 0.2454, 0.3011, 0.3234, 0.3346, 0.368, 0.3123, 0.1227, 0.1673, 0.1673, 0.1004, 0.0223, 0.0781, 0.1561, 0.1338, 0.0892, 0.0892, 0.0, 0.0112, 0.0669, 0.1227, 0.6468, 0.4461, -0.0033, -0.2185, -0.378, -0.4928, -0.7497, -0.9731, -1.0404, -1.1523, -1.1194, -1.265, -1.3325, -1.3665, -1.4225, -1.5009, 1.0974, 0.4057, 0.334, 0.385, -0.6012, -1.6097, -1.5152, -1.4543, -1.2929, -1.1427, -1.0295, -1.0054, -0.9257, -0.7344, -0.5635, -0.4595, -0.1994, 0.083, 0.1598, 0.2701, 0.425, 0.4796, 0.5465, 0.5019, 0.6803, 0.6914, 0.658, 0.9257, 0.5688, 0.8587, 0.6803, 0.8364, 1.0595, 1.0037, 0.9926, 1.5167, 0.9703, 1.1375, 0.9926, 0.9257, 0.8476, 1.1822, 1.1041, 0.881, 1.0149, 0.9926, 0.8141, 0.7695, 0.7361, 0.7361, 0.4349, 0.8699, 0.6134], "spot_price_data": [22.93, 22.93, 22.93, 22.93, 21.77, 21.77, 21.77, 21.77, 18.39, 18.39, 18.39, 18.39, 18.95, 18.95, 18.95, 18.95, 22.2, 22.2, 22.2, 22.2, 34.73, 34.73, 34.73, 34.73, 45.97, 45.97, 45.97, 45.97, 47.74, 47.74, 47.74, 47.74, 44.0, 44.0, 44.0, 44.0, 38.5, 38.5, 38.5, 38.5, 35.7, 35.7, 35.7, 35.7, 31.25, 31.25, 31.25, 31.25, 34.04, 34.04, 34.04, 34.04, 30.0, 30.0, 30.0, 30.0, 34.67, 34.67, 34.67, 34.67, 26.38, 26.38, 26.38, 26.38, 36.95, 36.95, 36.95, 36.95, 43.3, 43.3, 43.3, 43.3, 47.79, 47.79, 47.79, 47.79, 41.78, 41.78, 41.78, 41.78, 29.0, 29.0, 29.0, 29.0, 28.39, 28.39, 28.39, 28.39, 25.23, 25.23, 25.23, 25.23, 23.75, 23.75, 23.75, 23.75]}, "Scenario-demand0_spot7": {"prob": 0.06584362139917696, "demand_data": [0.223, 0.3346, 0.4126, 0.3457, 0.3011, 0.2788, 0.2454, 0.2454, 0.3011, 0.3234, 0.3346, 0.368, 0.3123, 0.1227, 0.1673, 0.1673, 0.1004, 0.0223, 0.0781, 0.1561, 0.1338, 0.0892, 0.0892, 0.0, 0.0112, 0.0669, 0.1227, 0.6468, 0.4461, -0.0033, -0.2185, -0.378, -0.4928, -0.7497, -0.9731, -1.0404, -1.1523, -1.1194, -1.265, -1.3325, -1.3665, -1.4225, -1.5009, 1.0974, 0.4057, 0.334, 0.385, -0.6012, -1.6097, -1.5152, -1.4543, -1.2929, -1.1427, -1.0295, -1.0054, -0.9257, -0.7344, -0.5635, -0.4595, -0.1994, 0.083, 0.1598, 0.2701, 0.425, 0.4796, 0.5465, 0.5019, 0.6803, 0.6914, 0.658, 0.9257, 0.5688, 0.8587, 0.6803, 0.8364, 1.0595, 1.0037, 0.9926, 1.5167, 0.9703, 1.1375, 0.9926, 0.9257, 0.8476, 1.1822, 1.1041, 0.881, 1.0149, 0.9926, 0.8141, 0.7695, 0.7361, 0.7361, 0.4349, 0.8699, 0.6134], "spot_price_data": [28.47, 28.47, 28.47, 28.47, 27.86, 27.86, 27.86, 27.86, 27.21, 27.21, 27.21, 27.21, 27.77, 27.77, 27.77, 27.77, 28.72, 28.72, 28.72, 28.72, 36.48, 36.48, 36.48, 36.48, 39.19, 39.19, 39.19, 39.19, 43.17, 43.17, 43.17, 43.17, 43.39, 43.39, 43.39, 43.39, 31.69, 31.69, 31.69, 31.69, 30.23, 30.23, 30.23, 30.23, 27.51, 27.51, 27.51, 27.51, 26.46, 26.46, 26.46, 26.46, 17.88, 17.88, 17.88, 17.88, 20.45, 20.45, 20.45, 20.45, 25.03, 25.03, 25.03, 25.03, 27.99, 27.99, 27.99, 27.99, 34.68, 34.68, 34.68, 34.68, 38.54, 38.54, 38.54, 38.54, 38.81, 38.81, 38.81, 38.81, 35.77, 35.77, 35.77, 35.77, 33.23, 33.23, 33.23, 33.23, 30.03, 30.03, 30.03, 30.03, 27.53, 27.53, 27.53, 27.53]}, "Scenario-demand0_spot1": {"prob": 0.09876543209876544, "demand_data": [0.223, 0.3346, 0.4126, 0.3457, 0.3011, 0.2788, 0.2454, 0.2454, 0.3011, 0.3234, 0.3346, 0.368, 0.3123, 0.1227, 0.1673, 0.1673, 0.1004, 0.0223, 0.0781, 0.1561, 0.1338, 0.0892, 0.0892, 0.0, 0.0112, 0.0669, 0.1227, 0.6468, 0.4461, -0.0033, -0.2185, -0.378, -0.4928, -0.7497, -0.9731, -1.0404, -1.1523, -1.1194, -1.265, -1.3325, -1.3665, -1.4225, -1.5009, 1.0974, 0.4057, 0.334, 0.385, -0.6012, -1.6097, -1.5152, -1.4543, -1.2929, -1.1427, -1.0295, -1.0054, -0.9257, -0.7344, -0.5635, -0.4595, -0.1994, 0.083, 0.1598, 0.2701, 0.425, 0.4796, 0.5465, 0.5019, 0.6803, 0.6914, 0.658, 0.9257, 0.5688, 0.8587, 0.6803, 0.8364, 1.0595, 1.0037, 0.9926, 1.5167, 0.9703, 1.1375, 0.9926, 0.9257, 0.8476, 1.1822, 1.1041, 0.881, 1.0149, 0.9926, 0.8141, 0.7695, 0.7361, 0.7361, 0.4349, 0.8699, 0.6134], "spot_price_data": [22.34, 22.34, 22.34, 22.34, 17.65, 17.65, 17.65, 17.65, 12.57, 12.57, 12.57, 12.57, 14.54, 14.54, 14.54, 14.54, 20.15, 20.15, 20.15, 20.15, 26.04, 26.04, 26.04, 26.04, 38.69, 38.69, 38.69, 38.69, 40.84, 40.84, 40.84, 40.84, 37.42, 37.42, 37.42, 37.42, 33.9, 33.9, 33.9, 33.9, 30.41, 30.41, 30.41, 30.41, 23.59, 23.59, 23.59, 23.59, 22.93, 22.93, 22.93, 22.93, 21.77, 21.77, 21.77, 21.77, 22.11, 22.11, 22.11, 22.11, 23.8, 23.8, 23.8, 23.8, 30.38, 30.38, 30.38, 30.38, 33.65, 33.65, 33.65, 33.65, 34.92, 34.92, 34.92, 34.92, 31.19, 31.19, 31.19, 31.19, 24.8, 24.8, 24.8, 24.8, 22.98, 22.98, 22.98, 22.98, 12.94, 12.94, 12.94, 12.94, 0.47, 0.47, 0.47, 0.47]}, "Scenario-demand1_spot0": {"prob": 0.29629629629629634, "demand_data": [0.223, 0.3346, 0.4126, 0.3457, 0.3011, 0.2788, 0.2454, 0.2454, 0.3011, 0.3234, 0.3346, 0.368, 0.3123, 0.1227, 0.1673, 0.1673, 0.1004, 0.0223, 0.0781, 0.1561, 0.1338, 0.0892, 0.0892, 0.0, 0.0112, 0.0669, 0.1227, 0.6468, 0.4461, -0.0033, -0.2185, -0.378, -0.4928, -0.7497, -0.9731, -1.0404, -1.1523, -1.1194, -1.265, -1.3325, -1.3665, -1.4225, -1.5009, 1.0974, 0.4057, 0.334, 0.385, -0.6012, -1.6097, -1.5152, -1.4543, -1.2929, -1.1427, -1.0295, -1.0054, -0.9257, -0.7344, -0.5635, -0.4595, -0.1994, 0.083, 0.1598, 0.2701, 0.425, 0.4796, 0.5465, 0.5019, 0.6803, 0.6914, 0.658, 0.9257, 0.5688, 0.8587, 0.6803, 0.8364, 1.0595, 1.0037, 0.9926, 1.5167, 0.9703, 1.1375, 0.9926, 0.9257, 0.8476, 1.1822, 1.1041, 0.881, 1.0149, 0.9926, 0.8141, 0.7695, 0.7361, 0.7361, 0.4349, 0.8699, 0.6134], "spot_price_data": [22.93, 22.93, 22.93, 22.93, 21.77, 21.77, 21.77, 21.77, 18.39, 18.39, 18.39, 18.39, 18.95, 18.95, 18.95, 18.95, 22.2, 22.2, 22.2, 22.2, 34.73, 34.73, 34.73, 34.73, 45.97, 45.97, 45.97, 45.97, 47.74, 47.74, 47.74, 47.74, 44.0, 44.0, 44.0, 44.0, 38.5, 38.5, 38.5, 38.5, 35.7, 35.7, 35.7, 35.7, 31.25, 31.25, 31.25, 31.25, 34.04, 34.04, 34.04, 34.04, 30.0, 30.0, 30.0, 30.0, 34.67, 34.67, 34.67, 34.67, 26.38, 26.38, 26.38, 26.38, 36.95, 36.95, 36.95, 36.95, 43.3, 43.3, 43.3, 43.3, 47.79, 47.79, 47.79, 47.79, 41.78, 41.78, 41.78, 41.78, 29.0, 29.0, 29.0, 29.0, 28.39, 28.39, 28.39, 28.39, 25.23, 25.23, 25.23, 25.23, 23.75, 23.75, 23.75, 23.75]}, "Scenario-demand1_spot7": {"prob": 0.14814814814814817, "demand_data": [0.223, 0.3346, 0.4126, 0.3457, 0.3011, 0.2788, 0.2454, 0.2454, 0.3011, 0.3234, 0.3346, 0.368, 0.3123, 0.1227, 0.1673, 0.1673, 0.1004, 0.0223, 0.0781, 0.1561, 0.1338, 0.0892, 0.0892, 0.0, 0.0112, 0.0669, 0.1227, 0.6468, 0.4461, -0.0033, -0.2185, -0.378, -0.4928, -0.7497, -0.9731, -1.0404, -1.1523, -1.1194, -1.265, -1.3325, -1.3665, -1.4225, -1.5009, 1.0974, 0.4057, 0.334, 0.385, -0.6012, -1.6097, -1.5152, -1.4543, -1.2929, -1.1427, -1.0295, -1.0054, -0.9257, -0.7344, -0.5635, -0.4595, -0.1994, 0.083, 0.1598, 0.2701, 0.425, 0.4796, 0.5465, 0.5019, 0.6803, 0.6914, 0.658, 0.9257, 0.5688, 0.8587, 0.6803, 0.8364, 1.0595, 1.0037, 0.9926, 1.5167, 0.9703, 1.1375, 0.9926, 0.9257, 0.8476, 1.1822, 1.1041, 0.881, 1.0149, 0.9926, 0.8141, 0.7695, 0.7361, 0.7361, 0.4349, 0.8699, 0.6134], "spot_price_data": [28.47, 28.47, 28.47, 28.47, 27.86, 27.86, 27.86, 27.86, 27.21, 27.21, 27.21, 27.21, 27.77, 27.77, 27.77, 27.77, 28.72, 28.72, 28.72, 28.72, 36.48, 36.48, 36.48, 36.48, 39.19, 39.19, 39.19, 39.19, 43.17, 43.17, 43.17, 43.17, 43.39, 43.39, 43.39, 43.39, 31.69, 31.69, 31.69, 31.69, 30.23, 30.23, 30.23, 30.23, 27.51, 27.51, 27.51, 27.51, 26.46, 26.46, 26.46, 26.46, 17.88, 17.88, 17.88, 17.88, 20.45, 20.45, 20.45, 20.45, 25.03, 25.03, 25.03, 25.03, 27.99, 27.99, 27.99, 27.99, 34.68, 34.68, 34.68, 34.68, 38.54, 38.54, 38.54, 38.54, 38.81, 38.81, 38.81, 38.81, 35.77, 35.77, 35.77, 35.77, 33.23, 33.23, 33.23, 33.23, 30.03, 30.03, 30.03, 30.03, 27.53, 27.53, 27.53, 27.53]}, "Scenario-demand1_spot1": {"prob": 0.22222222222222224,